"Epic","Feature","Story","FAILED","BROKEN","PASSED","SKIPPED","UNKNOWN"
"Classic (Detroit)","Создание плейлиста","Плейлист пишется реальным JdbcPlaylistRepository и не дублируется по имени владельца","0","0","1","0","0"
"Integration (ЛР2)","Доступ к данным: JdbcUserRepository на реальном PostgreSQL","удаление пользователя","0","0","1","0","0"
"Integration","Бизнес-логика на реальных репозиториях","публикация видео + публичный плейлист + подписка","0","0","1","0","0"
"London","Создание плейлиста","existsByNameAndOwnerId затем save; дубликат имени не вызывает save","0","0","1","0","0"
"Integration","Доступ к данным: JdbcPlaylistRepository на реальном PostgreSQL","добавление контента в плейлист","0","0","1","0","0"
"London","Регистрация пользователя","Ошибка save пробрасывается наружу как есть","0","0","1","0","0"
"Integration (ЛР2)","Доступ к данным: JdbcPlaylistRepository на реальном PostgreSQL","фильтр публичных плейлистов","0","0","1","0","0"
"Classic (Detroit)","Создание плейлиста","Пустое имя плейлиста отклоняется до обращения к БД","0","0","1","0","0"
"Integration","Доступ к данным: JdbcUserRepository на реальном PostgreSQL","save -> findByUsername","0","0","1","0","0"
"London","Подписка на пользователя","Отсутствующий создатель — NotFound, follow не вызывается","0","0","1","0","0"
"London","Подписка на пользователя","Ошибка findById пробрасывается, follow не вызывается","0","0","1","0","0"
"London","Создание плейлиста","Ошибка save пробрасывается наружу как есть","0","0","1","0","0"
"Classic (Detroit)","Загрузка видео","Загрузка пишет content, video и media_variant через JdbcContentRepository","0","0","1","0","0"
"Classic (Detroit)","Подписка на пользователя","Подписка пишет user_follows; повтор - ошибка","0","0","1","0","0"
"London","Создание плейлиста","Пустое имя плейлиста - ValidationFailed без обращения к PlaylistRepository","0","0","1","0","0"
"London","Подписка на пользователя","Ошибка follow пробрасывается наружу как есть","0","0","1","0","0"
"London","Регистрация пользователя","Ошибка existsByUsername пробрасывается, пароль не кодируется и save не вызывается","0","0","1","0","0"
"Classic (Detroit)","Подписка на пользователя","Самоподписка, ошибка","0","0","1","0","0"
"Classic (Detroit)","Добавление в плейлист","Владелец добавляет ролики с автопозицией; чужой пользователь получает Forbidden","0","0","1","0","0"
"Integration (ЛР2)","Доступ к данным: JdbcPlaylistRepository на реальном PostgreSQL","existsByNameAndOwnerId","0","0","1","0","0"
"London","Регистрация пользователя","Пустые username/password — ValidationFailed без обращения к портам","0","0","1","0","0"
"Integration","Доступ к данным: JdbcUserRepository на реальном PostgreSQL","подписка/отписка round-trip","0","0","1","0","0"
"Integration (ЛР2)","Доступ к данным: JdbcUserRepository на реальном PostgreSQL","дубликат username","0","0","1","0","0"
"E2E (ЛР2)","Демонстрационный сценарий MVP поверх реального HTTP","MVP: регистрация -> вход -> канал -> видео -> плейлист -> подписка","0","0","1","0","0"
"Classic (Detroit)","Регистрация пользователя","Уникальный username сохраняется через реальный JdbcUserRepository","0","0","1","0","0"
"London","Загрузка видео","Моки портов: успешная загрузка проверяет взаимодействие, а не состояние БД","0","0","1","0","0"
"Classic (Detroit)","Регистрация пользователя","Пустые username/password отклоняются до обращения к БД","0","0","1","0","0"
"London","Добавление в плейлист","Владелец: findById затем addContentToPlaylist","0","0","1","0","0"
"Integration (ЛР2)","Доступ к данным: JdbcPlaylistRepository на реальном PostgreSQL","save -> findById","0","0","1","0","0"
"London","Подписка на пользователя","findById создателя затем follow; self-follow не ходит в репозиторий","0","0","1","0","0"
"London","Регистрация пользователя","existsByUsername → encode → save; занятое имя не кодирует пароль","0","0","1","0","0"
"Classic (Detroit)","Подписка на пользователя","Подписка на несуществующего создателя - NotFound, ничего не пишется","0","0","1","0","0"
"London","Создание плейлиста","Ошибка existsByNameAndOwnerId пробрасывается, save не вызывается","0","0","1","0","0"
"Integration (ЛР2)","Доступ к данным: JdbcUserRepository на реальном PostgreSQL","несуществующий пользователь","0","0","1","0","0"
