"Status","Start Time","Stop Time","Duration in ms","Parent Suite","Suite","Sub Suite","Test Class","Test Method","Name","Description"
"passed","Fri Oct 09 07:32:03 UTC 2026","Fri Oct 09 07:32:03 UTC 2026","218","","com.vidayapi.integration.UserFollowUnfollowIT","","com.vidayapi.integration.UserFollowUnfollowIT","follow then unfollow round-trips through real table","follow then unfollow round-trips through real table()","INSERT/DELETE в viday.user_follows; повторная подписка -> UserAlreadyFollowed"
"passed","Fri Oct 09 07:31:43 UTC 2026","Fri Oct 09 07:31:43 UTC 2026","8","","com.vidayapi.classic.RegisterUserClassicTest","","com.vidayapi.classic.RegisterUserClassicTest","registers user then rejects duplicate username","registers user then rejects duplicate username()","Классический стиль: production JdbcUserRepository + подмена JDBC-соединения. Пароль кодируется mockk-заглушкой (без реального BCrypt), повторная регистрация того же имени даёт AlreadyExists, в каталоге остаётся одна строка."
"passed","Fri Oct 09 07:31:43 UTC 2026","Fri Oct 09 07:31:43 UTC 2026","4","","com.vidayapi.classic.FollowUserClassicTest","","com.vidayapi.classic.FollowUserClassicTest","follow returns not found for missing creator and writes nothing","follow returns not found for missing creator and writes nothing()","Классический стиль: JdbcUserRepository.findById возвращает null для отсутствующего id, use case мапит это в Error.NotFound, INSERT в user_follows не выполняется."
"passed","Fri Oct 09 07:31:42 UTC 2026","Fri Oct 09 07:31:42 UTC 2026","161","","com.vidayapi.classic.CreatePlaylistClassicTest","","com.vidayapi.classic.CreatePlaylistClassicTest","creates playlist then rejects duplicate name for same owner","creates playlist then rejects duplicate name for same owner()","Сценарий: регистрация владельца, создание PRIVATE плейлиста, повтор с тем же именем. SQL INSERT/COUNT выполняются на подменённом соединении, без PostgreSQL."
"passed","Fri Oct 09 07:31:43 UTC 2026","Fri Oct 09 07:31:43 UTC 2026","10","","com.vidayapi.classic.AddContentToPlaylistClassicTest","","com.vidayapi.classic.AddContentToPlaylistClassicTest","owner appends items by auto position and stranger is forbidden","owner appends items by auto position and stranger is forbidden()","Цепочка реальных JDBC-репозиториев: user → playlist → content → content_to_playlist. COUNT(*) задаёт позицию, повтор чужим ownerId не пишет вторую связь."
"passed","Fri Oct 09 07:32:04 UTC 2026","Fri Oct 09 07:32:04 UTC 2026","175","","com.vidayapi.integration.UserSaveFindIT","","com.vidayapi.integration.UserSaveFindIT","save then findByUsername returns persisted user with role","save then findByUsername returns persisted user with role()","Реальный INSERT с RETURNING id и SELECT с JOIN на viday.role"
"passed","Fri Oct 09 07:31:43 UTC 2026","Fri Oct 09 07:31:43 UTC 2026","27","","com.vidayapi.classic.UploadVideoClassicTest","","com.vidayapi.classic.UploadVideoClassicTest","upload persists content video and source variant","upload persists content video and source variant()","Полный пайплайн: валидация файла, INSERT content RETURNING id, загрузка в in-memory storage, INSERT video ON CONFLICT, INSERT media_variant. PostgreSQL не используется — только подмена DataSource."
"passed","Fri Oct 09 07:31:29 UTC 2026","Fri Oct 09 07:31:29 UTC 2026","9","","com.vidayapi.usecase.FollowUserLondonTest","","com.vidayapi.usecase.FollowUserLondonTest","propagates repository failure from follow","propagates repository failure from follow()","Лондон: повторная подписка (в проде SQLState 23505) приходит как UserAlreadyFollowed."
"passed","Fri Oct 09 07:31:29 UTC 2026","Fri Oct 09 07:31:29 UTC 2026","4","","com.vidayapi.usecase.RegisterUserLondonTest","","com.vidayapi.usecase.RegisterUserLondonTest","rejects blank username and blank password without touching ports","rejects blank username and blank password without touching ports()","Лондон: валидация выполняется раньше любого взаимодействия с UserRepository и PasswordEncoder."
"passed","Fri Oct 09 07:31:29 UTC 2026","Fri Oct 09 07:31:29 UTC 2026","4","","com.vidayapi.usecase.RegisterUserLondonTest","","com.vidayapi.usecase.RegisterUserLondonTest","propagates repository failure from existence check","propagates repository failure from existence check()","Лондон: Left от порта прерывает цепочку через flatMap до кодирования пароля."
"passed","Fri Oct 09 07:32:04 UTC 2026","Fri Oct 09 07:32:04 UTC 2026","126","","com.vidayapi.integration.PlaylistFindPublicIT","","com.vidayapi.integration.PlaylistFindPublicIT","findPublicPlaylists returns only PUBLIC entries","findPublicPlaylists returns only PUBLIC entries()","findPublicPlaylists возвращает только PUBLIC и не зависит от владельца"
"passed","Fri Oct 09 07:31:28 UTC 2026","Fri Oct 09 07:31:28 UTC 2026","5","","com.vidayapi.usecase.CreatePlaylistLondonTest","","com.vidayapi.usecase.CreatePlaylistLondonTest","rejects blank name without touching repository","rejects blank name without touching repository()","Лондон: валидация происходит раньше existsByNameAndOwnerId и save."
"passed","Fri Oct 09 07:31:28 UTC 2026","Fri Oct 09 07:31:28 UTC 2026","28","","com.vidayapi.usecase.CreatePlaylistLondonTest","","com.vidayapi.usecase.CreatePlaylistLondonTest","propagates repository failure from existence check","propagates repository failure from existence check()","Лондон: Left от порта прерывает цепочку через flatMap до сохранения."
"passed","Fri Oct 09 07:32:03 UTC 2026","Fri Oct 09 07:32:03 UTC 2026","62","","com.vidayapi.integration.PlaylistExistsByNameIT","","com.vidayapi.integration.PlaylistExistsByNameIT","existsByNameAndOwnerId reflects saved rows","existsByNameAndOwnerId reflects saved rows()","COUNT(*) по name+owner_id отражает реальное состояние таблицы"
"passed","Fri Oct 09 07:32:04 UTC 2026","Fri Oct 09 07:32:04 UTC 2026","41","","com.vidayapi.integration.PlaylistSaveFindIT","","com.vidayapi.integration.PlaylistSaveFindIT","save and findById round-trip","save and findById round-trip()","INSERT playlist c RETURNING id и SELECT с JOIN на viday.access_type"
"passed","Fri Oct 09 07:37:27 UTC 2026","Fri Oct 09 07:37:30 UTC 2026","2971","","com.vidayapi.e2e.MvpDemoScenarioE2ETest","","com.vidayapi.e2e.MvpDemoScenarioE2ETest","mvp demo scenario works end-to-end over real HTTP against the test stand","mvp demo scenario works end-to-end over real HTTP against the test stand()","Полный демонстрационный сценарий поверх реального HTTP и реального PostgreSQL стенда: JWT-авторизация, RLS-фильтры, загрузка multipart, бизнес-логика и проверка публичной ленты/доступных плейлистов для подписчика."
"passed","Fri Oct 09 07:32:04 UTC 2026","Fri Oct 09 07:32:04 UTC 2026","59","","com.vidayapi.integration.PlaylistAddContentIT","","com.vidayapi.integration.PlaylistAddContentIT","addContentToPlaylist persists item and increments count","addContentToPlaylist persists item and increments count()","addContentToPlaylist -> countItemsInPlaylist растёт; PK (content_id, playlist_id) не пускает дубликат"
"passed","Fri Oct 09 07:31:29 UTC 2026","Fri Oct 09 07:31:29 UTC 2026","4","","com.vidayapi.usecase.FollowUserLondonTest","","com.vidayapi.usecase.FollowUserLondonTest","propagates repository failure from findById","propagates repository failure from findById()","Лондон: Left от порта прерывает цепочку через flatMap до подписки."
"passed","Fri Oct 09 07:31:29 UTC 2026","Fri Oct 09 07:31:29 UTC 2026","11","","com.vidayapi.usecase.FollowUserLondonTest","","com.vidayapi.usecase.FollowUserLondonTest","execute follows existing user and rejects self follow without io","execute follows existing user and rejects self follow without io()","Лондон: проверяются вызовы UserRepository, состояние таблиц не существует."
"passed","Fri Oct 09 07:31:43 UTC 2026","Fri Oct 09 07:31:43 UTC 2026","5","","com.vidayapi.classic.FollowUserClassicTest","","com.vidayapi.classic.FollowUserClassicTest","self follow","self follow()","JdbcUserRepository.follow выполняет INSERT на подменённом Connection. Повторный INSERT мапится из SQLState 23505 в UserAlreadyFollowed."
"passed","Fri Oct 09 07:31:29 UTC 2026","Fri Oct 09 07:31:29 UTC 2026","10","","com.vidayapi.usecase.FollowUserLondonTest","","com.vidayapi.usecase.FollowUserLondonTest","returns not found when creator is missing","returns not found when creator is missing()","Лондон: findById вернул null, подписка не пишется в репозиторий."
"passed","Fri Oct 09 07:31:42 UTC 2026","Fri Oct 09 07:31:42 UTC 2026","251","","com.vidayapi.classic.CreatePlaylistClassicTest","","com.vidayapi.classic.CreatePlaylistClassicTest","rejects blank playlist name without writing to database","rejects blank playlist name without writing to database()","Классический стиль: валидация в use case раньше SQL, COUNT/INSERT не выполняются и в каталоге не появляется ни одной строки."
"passed","Fri Oct 09 07:32:04 UTC 2026","Fri Oct 09 07:32:04 UTC 2026","40","","com.vidayapi.integration.UserDeleteIT","","com.vidayapi.integration.UserDeleteIT","deleteById removes user and is idempotent-aware","deleteById removes user and is idempotent-aware()","DELETE FROM viday.user WHERE id -> NotFound при повторном удалении"
"passed","Fri Oct 09 07:31:43 UTC 2026","Fri Oct 09 07:31:43 UTC 2026","2","","com.vidayapi.classic.RegisterUserClassicTest","","com.vidayapi.classic.RegisterUserClassicTest","rejects blank credentials without writing to database","rejects blank credentials without writing to database()","Классический стиль: валидация выполняется в use case раньше SQL, INSERT не выполняется и в каталоге не появляется ни одной строки."
"passed","Fri Oct 09 07:31:29 UTC 2026","Fri Oct 09 07:31:29 UTC 2026","10","","com.vidayapi.usecase.AddContentToPlaylistLondonTest","","com.vidayapi.usecase.AddContentToPlaylistLondonTest","execute adds for owner","execute adds for owner()","Мок репозитория проверяет контракт use case"
"passed","Fri Oct 09 07:31:29 UTC 2026","Fri Oct 09 07:31:29 UTC 2026","188","","com.vidayapi.usecase.UploadVideoLondonTest","","com.vidayapi.usecase.UploadVideoLondonTest","execute uploads and persists through mocked collaborators","execute uploads and persists through mocked collaborators()","Лондонский стиль: ContentRepository / FileStorage / VideoProcessor / Cache — mockk. Проверяется порядок save → upload → analyze → saveVideo → saveMediaVariant и инвалидация кэша."
"passed","Fri Oct 09 07:31:29 UTC 2026","Fri Oct 09 07:31:29 UTC 2026","4","","com.vidayapi.usecase.RegisterUserLondonTest","","com.vidayapi.usecase.RegisterUserLondonTest","propagates repository failure from save","propagates repository failure from save()","Лондон: даже при свободном имени отказ хранилища возвращается без маскировки."
"passed","Fri Oct 09 07:31:27 UTC 2026","Fri Oct 09 07:31:28 UTC 2026","1039","","com.vidayapi.usecase.CreatePlaylistLondonTest","","com.vidayapi.usecase.CreatePlaylistLondonTest","propagates repository failure from save","propagates repository failure from save()","Лондон: при свободном имени отказ хранилища возвращается без маскировки."
"passed","Fri Oct 09 07:32:03 UTC 2026","Fri Oct 09 07:32:03 UTC 2026","52","","com.vidayapi.integration.UserDuplicateUsernameIT","","com.vidayapi.integration.UserDuplicateUsernameIT","duplicate username returns AlreadyExists","duplicate username returns AlreadyExists()","Уникальный констрейнт на username -> Error.AlreadyExists"
"passed","Fri Oct 09 07:31:43 UTC 2026","Fri Oct 09 07:31:43 UTC 2026","20","","com.vidayapi.classic.FollowUserClassicTest","","com.vidayapi.classic.FollowUserClassicTest","follow persists then rejects duplicate","follow persists then rejects duplicate()","JdbcUserRepository.follow выполняет INSERT на подменённом Connection. Повторный INSERT мапится из SQLState 23505 в UserAlreadyFollowed."
"passed","Fri Oct 09 07:31:28 UTC 2026","Fri Oct 09 07:31:28 UTC 2026","37","","com.vidayapi.usecase.CreatePlaylistLondonTest","","com.vidayapi.usecase.CreatePlaylistLondonTest","execute saves only when the name is free","execute saves only when the name is free()","Лондон: взаимодействие с портом PlaylistRepository, без JDBC и без in-memory fake repository."
"passed","Fri Oct 09 07:31:29 UTC 2026","Fri Oct 09 07:31:29 UTC 2026","29","","com.vidayapi.usecase.RegisterUserLondonTest","","com.vidayapi.usecase.RegisterUserLondonTest","execute encodes password and saves unique user","execute encodes password and saves unique user()","Моки портов: сохраняется пользователь только с уже закодированным паролем."
"passed","Fri Oct 09 07:32:03 UTC 2026","Fri Oct 09 07:32:04 UTC 2026","178","","com.vidayapi.integration.UserUnknownFindIT","","com.vidayapi.integration.UserUnknownFindIT","findByUsername for unknown user returns null","findByUsername for unknown user returns null()","queryForObject бросает EmptyResultDataAccessException -> null, а не ошибка"
"passed","Fri Oct 09 07:32:02 UTC 2026","Fri Oct 09 07:32:03 UTC 2026","573","","com.vidayapi.integration.BusinessFlowIT","","com.vidayapi.integration.BusinessFlowIT","creator publishes to public playlist and follower sees it","creator publishes to public playlist and follower sees it()","Полный бизнес-сценарий: регистрация креатора и подписчика, публикация контента, создание публичного плейлиста, добавление контента, подписка; проверяется видимость плейлиста у подписчика и инварианты (дубликат имени, чужие права)."
